,Adj Close,Close,High,Low,Open,Volume
A,42.75911331176758,44.939998626708984,45.380001068115234,44.900001525878906,45.11000061035156,2029200.0
AAL,29.30160140991211,30.489999771118164,31.100000381469727,30.450000762939453,30.649999618530273,8152300.0
AAP,148.12742614746094,153.63999938964844,155.17999267578125,152.67999267578125,152.8800048828125,866300.0
AAPL,22.68667984008789,24.28499984741211,24.602500915527344,24.25749969482422,24.454999923706055,117780800.0
ABBV,46.26966094970703,60.400001525878906,61.27000045776367,60.0099983215332,60.290000915527344,7739300.0
ABC,68.98595428466797,76.12000274658203,76.7300033569336,75.87000274658203,75.94999694824219,2394900.0
ABMD,103.08999633789062,103.08999633789062,103.41999816894531,101.62000274658203,102.33999633789062,455900.0
ABT,33.715126037597656,37.43000030517578,37.869998931884766,37.400001525878906,37.75,7716300.0
ACN,107.17730712890625,117.44999694824219,118.38999938964844,117.33000183105469,118.30000305175781,1453300.0
ADBE,97.0199966430664,97.0199966430664,97.83000183105469,96.9000015258789,97.01000213623047,2270400.0
ADI,50.624298095703125,56.869998931884766,57.290000915527344,56.72999954223633,57.2599983215332,2391100.0
ADM,35.522342681884766,42.150001525878906,42.52000045776367,41.790000915527344,41.83000183105469,3160400.0
ADP,77.48106384277344,87.61000061035156,88.01000213623047,87.2300033569336,87.52999877929688,2080500.0
ADSK,56.61000061035156,56.61000061035156,56.939998626708984,55.709999084472656,55.97999954223633,1452100.0
AEE,43.26348876953125,50.90999984741211,51.36000061035156,50.619998931884766,51.36000061035156,1418600.0
AEP,54.4165153503418,66.23999786376953,67.0,65.94999694824219,66.91000366210938,2131200.0
AES,8.99209213256836,11.0600004196167,11.210000038146973,11.020000457763672,11.119999885559082,4433200.0
AFL,29.74508285522461,34.08000183105469,34.3650016784668,34.05500030517578,34.255001068115234,2997400.0
AIG,45.89248275756836,53.56999969482422,54.40999984741211,53.52000045776367,54.2599983215332,6812000.0
AIZ,74.01866149902344,83.5999984741211,84.5,83.48999786376953,84.31999969482422,486200.0
AJG,41.19272994995117,46.349998474121094,46.90999984741211,46.310001373291016,46.90999984741211,1373400.0
AKAM,53.27000045776367,53.27000045776367,54.060001373291016,52.65999984741211,52.65999984741211,1471600.0
ALB,73.76836395263672,79.70999908447266,80.05000305175781,78.41999816894531,78.58000183105469,1434100.0
ALGN,79.25,79.25,79.62999725341797,78.94999694824219,79.38999938964844,673600.0
ALK,57.008018493652344,61.15999984741211,63.209999084472656,60.970001220703125,61.619998931884766,2381200.0
ALL,58.39930725097656,65.87000274658203,66.94999694824219,65.80999755859375,66.75,1991000.0
ALLE,64.50321197509766,68.16000366210938,68.41999816894531,67.86000061035156,68.0,701500.0
AMAT,22.04985809326172,23.700000762939453,23.950000762939453,23.520000457763672,23.84000015258789,13912700.0
AMCR,8.74025821685791,11.180000305175781,11.180000305175781,11.180000305175781,11.180000305175781,0.0
AMD,4.420000076293945,4.420000076293945,4.480000019073486,4.300000190734863,4.440000057220459,11575300.0
AME,44.830177307128906,46.599998474121094,47.18000030517578,46.56999969482422,47.0,1025200.0
AMGN,128.75271606445312,151.89999389648438,154.0800018310547,151.82000732421875,153.1300048828125,2443700.0
AMP,84.12240600585938,96.76000213623047,98.08999633789062,96.1500015258789,96.75,1049700.0
AMT,95.73899841308594,107.2300033569336,107.76000213623047,106.86000061035156,107.25,1342700.0
AMZN,714.260009765625,714.260009765625,722.5599975585938,713.3499755859375,722.0,2709400.0
ANET,18.270000457763672,18.270000457763672,18.364999771118164,18.15250015258789,18.202499389648438,2665200.0
ANSS,87.58999633789062,87.58999633789062,87.94999694824219,87.45999908447266,87.48999786376953,224500.0
ANTM,121.11467742919922,130.61000061035156,131.9499969482422,130.32000732421875,131.1199951171875,1316200.0
AON,100.46260070800781,106.58000183105469,107.5999984741211,106.37999725341797,107.41999816894531,1361200.0
AOS,38.081485748291016,41.81999969482422,42.150001525878906,41.55500030517578,41.654998779296875,1768200.0
APA,48.66864013671875,54.529998779296875,55.40999984741211,53.77000045776367,54.310001373291016,2548700.0
APD,114.49174499511719,132.88621520996094,134.83811950683594,132.77520751953125,133.9130401611328,838532.0
APH,27.646486282348633,29.2549991607666,29.5,29.2450008392334,29.43000030517578,1296400.0
APTV,53.0308952331543,55.196983337402344,55.99329376220703,54.585079193115234,54.84492874145508,1733071.0
ARE,83.91605377197266,98.45999908447266,98.97000122070312,97.43000030517578,98.04000091552734,418100.0
ATO,66.57273864746094,76.0,76.37999725341797,75.30000305175781,76.37000274658203,550900.0
ATVI,36.95400619506836,38.33000183105469,38.81999969482422,38.02000045776367,38.459999084472656,10464800.0
AVB,141.99855041503906,172.61000061035156,173.30999755859375,169.61000061035156,170.38999938964844,1276300.0
AVGO,133.37954711914062,158.39999389648438,160.1199951171875,158.17999267578125,158.82000732421875,3088400.0
AVY,68.11100006103516,75.66000366210938,76.5199966430664,74.63999938964844,75.97000122070312,682000.0
AWK,70.21463775634766,77.80999755859375,78.5199966430664,77.1500015258789,78.25,948200.0
AXP,56.1530647277832,61.41999816894531,62.15999984741211,60.86000061035156,61.470001220703125,5979900.0
AZO,747.6900024414062,747.6900024414062,755.8200073242188,747.0,748.02001953125,185100.0
BA,117.86260223388672,130.16000366210938,131.75999450683594,129.97000122070312,130.8800048828125,3324800.0
BAC,11.889060974121094,13.34000015258789,13.65999984741211,13.279999732971191,13.380000114440918,100659100.0
BAX,41.408084869384766,44.209999084472656,44.630001068115234,44.18000030517578,44.599998474121094,2429400.0
BBWI,44.199310302734375,54.890865325927734,55.48908615112305,53.75909423828125,53.9207763671875,3270628.0
BBY,25.180530548095703,29.34000015258789,29.850000381469727,28.760000228881836,28.799999237060547,7017800.0
BDX,150.41061401367188,162.69268798828125,165.26829528808594,162.4487762451172,165.1707305908203,1120530.0
BEN,24.91623878479004,33.04999923706055,33.68000030517578,33.02000045776367,33.2400016784668,3928900.0
BF.B,,,,,,
BIIB,238.91000366210938,238.91000366210938,242.99000549316406,238.58999633789062,242.3800048828125,2101600.0
BIO,141.16000366210938,141.16000366210938,144.3300018310547,141.05999755859375,144.1300048828125,186400.0
BK,35.15272521972656,40.2599983215332,40.689998626708984,40.209999084472656,40.41999816894531,4210600.0
BKNG,1305.4200439453125,1305.4200439453125,1319.0,1302.27001953125,1306.0999755859375,490900.0
BKR,27.355222702026367,45.9900016784668,46.459999084472656,45.36000061035156,45.58000183105469,3377500.0
BLK,294.6123352050781,339.54998779296875,344.0799865722656,339.010009765625,342.3299865722656,747400.0
BLL,34.30960464477539,36.005001068115234,36.09000015258789,35.70500183105469,36.0,4364000.0
BMY,61.24637985229492,72.56999969482422,73.76000213623047,72.48999786376953,73.25,5390100.0
BR,57.83500671386719,63.75,64.13999938964844,63.349998474121094,63.86000061035156,846200.0
BRK.B,,,,,,
BRO,16.784547805786133,17.774999618530273,17.920000076293945,17.739999771118164,17.885000228881836,981200.0
BSX,22.799999237060547,22.799999237060547,23.040000915527344,22.75,23.020000457763672,6450800.0
BWA,29.734100341796875,32.599998474121094,33.369998931884766,32.25,32.290000915527344,1375100.0
BXP,105.25384521484375,126.69000244140625,127.81999969482422,125.88999938964844,126.33999633789062,731400.0
C,35.83309555053711,42.0099983215332,42.88999938964844,41.970001220703125,42.29999923706055,21934200.0
CAG,30.635616302490234,36.17898941040039,36.412452697753906,36.085601806640625,36.311283111572266,2478894.0
CAH,62.25910949707031,76.68000030517578,78.08000183105469,76.61000061035156,78.0199966430664,3548700.0
CARR,,,,,,
CAT,64.39954376220703,75.06999969482422,75.94999694824219,74.33999633789062,75.19000244140625,3802000.0
CB,109.63705444335938,124.25,125.44000244140625,124.0999984741211,124.93000030517578,1369500.0
CBOE,59.90580749511719,64.43000030517578,65.36000061035156,64.29000091552734,65.36000061035156,346600.0
CBRE,28.690000534057617,28.690000534057617,29.09000015258789,28.559999465942383,28.719999313354492,1626800.0
CCI,77.45541381835938,93.95999908447266,94.1500015258789,92.68000030517578,92.9000015258789,2273400.0
CCL,41.81265640258789,47.2599983215332,47.79999923706055,47.08000183105469,47.189998626708984,4193800.0
CDAY,,,,,,
CDNS,24.350000381469727,24.350000381469727,24.5,24.299999237060547,24.489999771118164,1863500.0
CDW,39.920799255371094,42.400001525878906,42.709999084472656,42.189998626708984,42.45000076293945,536000.0
CE,61.80720520019531,69.5999984741211,70.37999725341797,69.37999725341797,69.69999694824219,589600.0
CEG,,,,,,
CERN,52.731014251708984,54.5099983215332,55.849998474121094,54.41999816894531,55.7400016784668,1900200.0
CF,22.8075008392334,27.68000030517578,28.329999923706055,27.25,27.81999969482422,4606300.0
CFG,17.648618698120117,21.360000610351562,21.84000015258789,21.299999237060547,21.440000534057617,6084900.0
CHD,45.71033477783203,49.45000076293945,50.0,49.375,50.0,952800.0
CHRW,64.5708236694336,72.5199966430664,73.33000183105469,72.33999633789062,72.4800033569336,1389900.0
CHTR,221.19000244140625,221.19000244140625,223.77999877929688,220.27999877929688,221.85000610351562,1720500.0
CI,123.61906433105469,126.55999755859375,128.22999572753906,126.08000183105469,127.52999877929688,1003500.0
CINF,58.64043045043945,69.08000183105469,69.70999908447266,69.0199966430664,69.62999725341797,572200.0
CL,62.38815689086914,71.72000122070312,72.29000091552734,71.62000274658203,72.19000244140625,2152900.0
CLX,113.41014862060547,132.14999389648438,133.0500030517578,131.82000732421875,132.8000030517578,681000.0
CMA,35.27433395385742,42.77000045776367,43.5,42.439998626708984,42.709999084472656,1614700.0
CMCSA,27.746118545532227,31.174999237060547,31.55500030517578,31.125,31.229999542236328,16346800.0
CME,76.87508392333984,94.18000030517578,95.20999908447266,94.04000091552734,94.91999816894531,1064000.0
CMG,390.30999755859375,390.30999755859375,402.3500061035156,389.4100036621094,396.1400146484375,1201300.0
CMI,96.6524658203125,113.44000244140625,114.33000183105469,112.37999725341797,114.04000091552734,1444000.0
CMS,36.86180877685547,43.41999816894531,43.939998626708984,43.16999816894531,43.849998474121094,1549300.0
CNC,33.505001068115234,33.505001068115234,33.959999084472656,33.400001525878906,33.56999969482422,2925400.0
CNP,18.632246017456055,22.950000762939453,23.149999618530273,22.860000610351562,23.079999923706055,4216000.0
COF,58.49601364135742,64.63999938964844,66.2300033569336,64.47000122070312,65.43000030517578,9490900.0
COO,162.32672119140625,162.5399932861328,163.83999633789062,161.44000244140625,163.2100067138672,290500.0
COP,37.56063461303711,43.709999084472656,44.5099983215332,43.40999984741211,43.90999984741211,6898000.0
COST,137.67401123046875,154.86000061035156,156.77999877929688,154.66000366210938,155.6999969482422,2228500.0
CPB,51.51394271850586,61.810001373291016,62.4900016784668,61.63999938964844,62.38999938964844,1396400.0
CPRT,24.420000076293945,24.420000076293945,24.5,24.280000686645508,24.44499969482422,1320800.0
CPT,65.65416717529297,83.19999694824219,83.45999908447266,81.80999755859375,82.04000091552734,653900.0
CRL,83.81999969482422,83.81999969482422,84.72000122070312,83.5,84.72000122070312,262200.0
CRM,81.98999786376953,81.98999786376953,82.61000061035156,81.75,81.83000183105469,3574400.0
CSCO,24.263385772705078,28.649999618530273,28.860000610351562,28.40999984741211,28.489999771118164,30738600.0
CSX,8.109724044799805,8.796667098999023,8.936667442321777,8.786666870117188,8.84333324432373,16797900.0
CTAS,88.60395050048828,94.04000091552734,94.54000091552734,93.94999694824219,94.4800033569336,326800.0
CTLT,22.889999389648438,22.889999389648438,23.030000686645508,22.489999771118164,22.799999237060547,1854700.0
CTRA,21.399412155151367,24.540000915527344,25.0,24.450000762939453,24.6299991607666,4644900.0
CTSH,56.59641647338867,59.630001068115234,60.86000061035156,59.5099983215332,60.86000061035156,3783900.0
CTVA,,,,,,
CTXS,64.50068664550781,67.27982330322266,68.36280059814453,67.2081527709961,68.10797882080078,1673479.0
CVS,81.53633117675781,96.0199966430664,97.08000183105469,95.94999694824219,96.38999938964844,4722400.0
CVX,78.07880401611328,100.62999725341797,101.63999938964844,100.25,100.62999725341797,5627000.0
CZR,14.75,14.75,14.90999984741211,14.729999542236328,14.899999618530273,171900.0
D,58.249359130859375,73.68000030517578,74.12999725341797,73.23999786376953,73.69000244140625,3277300.0
DAL,35.570343017578125,38.88999938964844,39.779998779296875,38.83000183105469,39.369998931884766,11044000.0
DD,58.45515823364258,73.8107681274414,74.55087280273438,73.59728240966797,74.18081665039062,4510108.0
DE,76.20211029052734,84.83000183105469,85.77999877929688,84.73999786376953,85.55999755859375,1466000.0
DFS,46.91090393066406,53.119998931884766,53.93000030517578,53.029998779296875,53.36000061035156,3978900.0
DG,85.5588607788086,90.4800033569336,91.26000213623047,90.1500015258789,90.25,2760200.0
DGX,68.01854705810547,76.62000274658203,77.94999694824219,76.5199966430664,77.5,1190300.0
DHI,28.717336654663086,30.719999313354492,31.049999237060547,30.280000686645508,30.43000030517578,2301800.0
DHR,72.33829498291016,74.45792388916016,75.04927825927734,74.44275665283203,75.00379180908203,2812899.0
DIS,92.712158203125,98.2699966430664,99.0,98.19000244140625,98.19000244140625,6663200.0
DISH,52.63999938964844,52.63999938964844,53.43000030517578,52.349998474121094,52.349998474121094,1538700.0
DLR,82.52877044677734,100.33999633789062,100.75,100.0,100.52999877929688,1739600.0
DLTR,91.05000305175781,91.05000305175781,91.77999877929688,90.04000091552734,90.48999786376953,1562000.0
DOV,50.41669464111328,56.27625274658203,56.89014434814453,56.07431411743164,56.106624603271484,2085163.0
DOW,,,,,,
DPZ,119.91394805908203,126.37999725341797,127.5199966430664,126.08000183105469,126.58000183105469,454800.0
DRE,20.7945556640625,24.959999084472656,25.020000457763672,24.510000228881836,24.600000381469727,3075900.0
DRI,57.921058654785156,67.48999786376953,68.12000274658203,66.81999969482422,67.2699966430664,1608200.0
DTE,64.97270202636719,80.0,80.87659454345703,79.62553405761719,80.87659454345703,981243.0
DUK,63.94022750854492,81.52999877929688,82.58000183105469,81.27999877929688,82.41999816894531,3229000.0
DVA,75.44999694824219,75.44999694824219,76.16999816894531,75.37000274658203,75.76000213623047,780400.0
DVN,29.64174461364746,35.09000015258789,36.0099983215332,34.66999816894531,35.41999816894531,7003900.0
DXC,42.00491714477539,44.69723129272461,45.07785415649414,44.45501708984375,44.7491340637207,1409858.0
DXCM,72.94999694824219,72.94999694824219,74.98999786376953,72.56999969482422,73.80000305175781,1032500.0
EA,73.82367706298828,74.38999938964844,75.2300033569336,74.04000091552734,74.55999755859375,2409900.0
EBAY,22.917783737182617,23.959999084472656,24.079999923706055,23.790000915527344,23.989999771118164,9326800.0
ECL,111.70193481445312,118.5999984741211,119.87999725341797,118.51000213623047,119.66999816894531,1089800.0
ED,62.4975700378418,77.30999755859375,78.4000015258789,76.9800033569336,78.25,2117700.0
EFX,114.33056640625,121.56999969482422,122.77999877929688,121.08999633789062,122.6500015258789,1009800.0
EIX,58.61674118041992,73.45999908447266,74.29000091552734,73.19999694824219,74.08000183105469,1132700.0
EL,85.8503189086914,91.01000213623047,92.16999816894531,90.80000305175781,91.5199966430664,1079200.0
EMN,60.56794357299805,71.66999816894531,72.68000030517578,71.51000213623047,71.62000274658203,1121400.0
EMR,43.65810775756836,51.959999084472656,52.470001220703125,51.869998931884766,52.290000915527344,2456900.0
ENPH,2.069999933242798,2.069999933242798,2.0899999141693115,1.9700000286102295,2.0,255800.0
EOG,72.85884857177734,82.44000244140625,83.54000091552734,81.5,82.7300033569336,2150800.0
EPAM,70.0999984741211,70.0999984741211,71.4800033569336,70.0,71.44000244140625,327200.0
EQIX,338.4159240722656,372.1000061035156,373.510009765625,368.4200134277344,370.79998779296875,442800.0
EQR,51.408138275146484,65.54000091552734,65.5999984741211,64.41000366210938,64.66999816894531,2379000.0
ES,47.6268310546875,56.52000045776367,57.36000061035156,56.38999938964844,57.29999923706055,1448000.0
ESS,182.30352783203125,216.3800048828125,217.67999267578125,212.75,212.75,530900.0
ETN,52.24005126953125,60.650001525878906,61.13999938964844,60.40999984741211,60.790000915527344,1537500.0
ETR,62.023643493652344,78.08000183105469,78.98999786376953,77.94000244140625,78.94999694824219,1249800.0
ETSY,9.789999961853027,9.789999961853027,9.880000114440918,9.579999923706055,9.619999885559082,1092600.0
EVRG,46.532230377197266,56.04999923706055,56.2400016784668,55.88999938964844,56.11000061035156,1403900.0
EW,32.616668701171875,32.616668701171875,33.93000030517578,32.26333236694336,33.71333312988281,9300600.0
EXC,19.997224807739258,24.3865909576416,24.629100799560547,24.136947631835938,24.18687629699707,8617673.0
EXPD,45.203861236572266,48.25,48.75,48.22999954223633,48.279998779296875,1211500.0
EXPE,100.36685180664062,104.33999633789062,105.97000122070312,104.16999816894531,105.41999816894531,1594800.0
EXR,72.03560638427734,87.30999755859375,87.7699966430664,86.30999755859375,86.30999755859375,1250200.0
F,10.327463150024414,13.010000228881836,13.15999984741211,12.880000114440918,12.90999984741211,25829700.0
FANG,83.0169906616211,89.12999725341797,90.45999908447266,88.26000213623047,89.76000213623047,767300.0
FAST,18.673171997070312,21.979999542236328,22.19499969482422,21.96500015258789,22.059999465942383,3575800.0
FB,114.5999984741211,114.5999984741211,115.44000244140625,114.06999969482422,115.30000305175781,19819400.0
FBHS,51.86142349243164,55.93000030517578,56.38999938964844,55.86000061035156,56.13999938964844,957900.0
FCX,10.524426460266113,11.0,11.300000190734863,10.600000381469727,10.640000343322754,62845100.0
FDS,148.9816436767578,158.4199981689453,159.32000732421875,158.22000122070312,158.6199951171875,171800.0
FDX,149.04315185546875,159.66000366210938,161.3300018310547,159.50999450683594,160.02999877929688,1202500.0
FE,26.418710708618164,33.650001525878906,33.880001068115234,33.58000183105469,33.790000915527344,2157800.0
FFIV,119.1500015258789,119.1500015258789,119.62999725341797,117.72000122070312,118.52999877929688,915300.0
FIS,68.60213470458984,73.62000274658203,74.0,73.43000030517578,73.77999877929688,1902400.0
FISV,52.880001068115234,52.880001068115234,53.23500061035156,52.60499954223633,52.869998931884766,2037800.0
FITB,15.206579208374023,18.030000686645508,18.420000076293945,17.81999969482422,17.860000610351562,8552400.0
FLT,144.66000366210938,144.66000366210938,146.24000549316406,143.99000549316406,144.6199951171875,578400.0
FMC,38.639251708984375,42.13356399536133,42.73200225830078,41.751949310302734,42.020816802978516,938888.0
FOX,,,,,,
FOXA,,,,,,
FRC,65.68147277832031,68.30999755859375,69.22000122070312,67.94000244140625,68.11000061035156,626800.0
FRT,128.8550567626953,157.1300048828125,157.8000030517578,155.77999877929688,156.0500030517578,337600.0
FTNT,34.060001373291016,34.060001373291016,34.31999969482422,33.689998626708984,33.810001373291016,1335500.0
FTV,,,,,,
GD,122.50137329101562,140.11000061035156,140.80999755859375,139.52999877929688,139.75,1462200.0
GE,231.7156219482422,235.3076934814453,237.76922607421875,234.38461303710938,234.46153259277344,5689476.0
GILD,69.94269561767578,83.04000091552734,84.44000244140625,82.97000122070312,84.05000305175781,7416100.0
GIS,52.478702545166016,64.88999938964844,65.25,64.70999908447266,64.97000122070312,2042400.0
GL,56.47146987915039,59.33000183105469,59.959999084472656,59.2599983215332,59.84000015258789,739900.0
GLW,17.46802520751953,20.200000762939453,20.440000534057617,20.18000030517578,20.420000076293945,4995900.0
GM,24.677236557006836,28.860000610351562,29.219999313354492,28.790000915527344,28.979999542236328,8479900.0
GNRC,37.59000015258789,37.59000015258789,38.22999954223633,37.54999923706055,37.95000076293945,207800.0
GOOG,718.9199829101562,718.9199829101562,722.97998046875,717.3099975585938,719.0,1214500.0
GOOGL,732.1900024414062,732.1900024414062,737.1500244140625,731.3099975585938,734.9199829101562,1161700.0
GPC,80.86915588378906,95.95999908447266,96.79000091552734,95.63999938964844,95.69999694824219,437800.0
GPN,73.02556610107422,74.05999755859375,74.43000030517578,73.5,73.9800033569336,1489200.0
GRMN,34.8597526550293,42.220001220703125,42.849998474121094,42.150001525878906,42.75,729100.0
GS,132.160888671875,146.16000366210938,148.6999969482422,145.89999389648438,147.16000366210938,2981400.0
GWW,196.75289916992188,219.8000030517578,222.0,219.22000122070312,220.13999938964844,564500.0
HAL,39.578125,43.97999954223633,44.61000061035156,43.470001220703125,43.880001068115234,7981700.0
HAS,72.9356689453125,86.0199966430664,86.7699966430664,85.45999908447266,85.58999633789062,741900.0
HBAN,7.5623040199279785,9.460000038146973,9.649999618530273,9.399999618530273,9.4399995803833,10806000.0
HCA,74.71739196777344,77.80999755859375,78.54000091552734,77.62999725341797,78.2699966430664,1477000.0
HD,110.83690643310547,126.52999877929688,127.75,125.48999786376953,125.73999786376953,5140000.0
HES,51.59470748901367,57.150001525878906,58.2599983215332,56.25,57.650001525878906,3637200.0
HIG,38.048431396484375,43.33000183105469,44.130001068115234,43.310001373291016,43.9900016784668,2417700.0
HII,144.54656982421875,159.75999450683594,160.49000549316406,158.66000366210938,159.9600067138672,217000.0
HLT,43.12126541137695,44.48735809326172,45.08243942260742,43.50239944458008,43.60499954223633,4476608.0
HOLX,33.130001068115234,33.130001068115234,33.4900016784668,33.0,33.130001068115234,2537700.0
HON,97.93610382080078,110.13324737548828,111.08661651611328,110.05697631835938,110.56226348876953,3026004.0
HPE,9.30402946472168,10.926692962646484,11.077807426452637,10.700021743774414,10.71164608001709,20590940.0
HPQ,10.927626609802246,13.0,13.199999809265137,12.960000038146973,13.09000015258789,9813000.0
HRL,30.28891372680664,34.18000030517578,34.529998779296875,34.09000015258789,34.459999084472656,2276500.0
HSIC,68.50196075439453,68.50196075439453,69.46666717529297,68.38823699951172,69.30196380615234,1020765.0
HST,13.13153076171875,15.979999542236328,16.270000457763672,15.489999771118164,15.529999732971191,10308600.0
HSY,84.25521087646484,96.05000305175781,96.80999755859375,95.51000213623047,96.56999969482422,2317900.0
HUM,178.3553924560547,185.5500030517578,187.52000427246094,185.24000549316406,186.22000122070312,717700.0
HWM,,,,,,
IBM,109.99358367919922,144.0535430908203,145.11471557617188,143.97705078125,144.7992401123047,2364378.0
ICE,47.82620620727539,51.305999755859375,52.04600143432617,51.194000244140625,51.63999938964844,3974500.0
IDXX,88.98999786376953,88.98999786376953,89.91999816894531,88.7699966430664,89.91999816894531,553300.0
IEX,79.48141479492188,85.27999877929688,86.06999969482422,85.19000244140625,85.51000213623047,328300.0
IFF,110.48561096191406,126.20999908447266,128.08999633789062,126.0999984741211,128.08999633789062,511300.0
ILMN,136.72999572753906,136.72999572753906,139.0,136.25999450683594,137.75999450683594,901300.0
INCY,79.44999694824219,79.44999694824219,80.88999938964844,79.27999877929688,80.30000305175781,674700.0
INTC,27.777294158935547,31.610000610351562,32.2599983215332,31.59000015258789,32.25,23783300.0
INTU,101.5702896118164,106.27999877929688,106.88999938964844,106.12999725341797,106.79000091552734,1197900.0
IP,30.684511184692383,39.38447189331055,40.01893997192383,39.34659194946289,39.772727966308594,2519616.0
IPG,19.0111026763916,23.639999389648438,23.719999313354492,23.520000457763672,23.600000381469727,3020200.0
IPGP,84.54000091552734,84.54000091552734,85.7300033569336,84.31999969482422,85.2300033569336,140400.0
IQV,65.0999984741211,65.0999984741211,65.5199966430664,64.9800033569336,65.13999938964844,1006500.0
IR,,,,,,
IRM,26.45206642150879,38.560001373291016,38.599998474121094,37.93000030517578,38.060001373291016,2233600.0
ISRG,71.67888641357422,71.67888641357422,72.08555603027344,71.30555725097656,71.84444427490234,2888100.0
IT,100.58999633789062,100.58999633789062,101.51000213623047,100.45999908447266,100.75,239900.0
ITW,91.46832275390625,105.18000030517578,106.44000244140625,105.0199966430664,106.18000030517578,2201300.0
IVZ,21.099811553955078,27.399999618530273,28.020000457763672,27.360000610351562,27.579999923706055,4708500.0
J,48.75871276855469,51.029998779296875,51.529998779296875,50.959999084472656,51.279998779296875,1028400.0
JBHT,76.07445526123047,80.11000061035156,80.94999694824219,79.33999633789062,79.69000244140625,665400.0
JCI,34.898128509521484,45.07853317260742,45.539268493652344,45.01570510864258,45.4240837097168,2040835.0
JKHY,79.24117279052734,83.91999816894531,84.94999694824219,83.8499984741211,84.70999908447266,391500.0
JNJ,100.00895690917969,116.41000366210938,117.73999786376953,116.33999633789062,117.63999938964844,6371400.0
JNPR,19.767702102661133,22.940000534057617,23.1299991607666,22.829999923706055,22.969999313354492,2794400.0
JPM,52.55503845214844,61.970001220703125,62.97999954223633,61.90999984741211,62.40999984741211,16982100.0
K,62.682281494140625,76.30999755859375,77.06999969482422,75.81999969482422,76.88999938964844,1986100.0
KEY,9.561468124389648,11.65999984741211,11.890000343322754,11.619999885559082,11.670000076293945,11802400.0
KEYS,29.84000015258789,29.84000015258789,30.1299991607666,29.6299991607666,29.809999465942383,924500.0
KHC,68.66331481933594,84.83999633789062,85.38999938964844,84.36000061035156,85.0,2967400.0
KIM,21.710254669189453,29.360000610351562,29.469999313354492,29.09000015258789,29.209999084472656,2788400.0
KLAC,65.06229400634766,72.91000366210938,73.19000244140625,72.62000274658203,73.05999755859375,558100.0
KMB,109.59162902832031,132.0399932861328,132.83999633789062,131.63999938964844,132.80999755859375,1413800.0
KMI,13.176518440246582,17.649999618530273,17.989999771118164,17.34000015258789,17.450000762939453,13433500.0
KMX,49.36000061035156,49.36000061035156,50.27000045776367,48.849998474121094,48.900001525878906,2658800.0
KO,37.32807159423828,45.0099983215332,45.34000015258789,44.880001068115234,45.119998931884766,8360400.0
KR,31.86749267578125,35.709999084472656,36.0099983215332,35.13999938964844,35.47999954223633,13499800.0
L,38.30272674560547,39.47999954223633,39.790000915527344,39.36000061035156,39.529998779296875,943300.0
LDOS,31.358163833618164,47.349998474121094,48.099998474121094,47.34000015258789,48.099998474121094,443400.0
LEN,43.27714538574219,45.044246673583984,45.66371536254883,44.67060089111328,44.945919036865234,2120343.0
LH,126.38999938964844,126.38999938964844,128.42999267578125,126.26000213623047,128.0800018310547,719800.0
LHX,73.66069030761719,81.20999908447266,81.61000061035156,80.83999633789062,81.19000244140625,1198200.0
LIN,100.21233367919922,112.0,113.20999908447266,111.83999633789062,112.56999969482422,1454900.0
LKQ,32.122955322265625,32.439998626708984,32.75,32.11000061035156,32.189998626708984,1597100.0
LLY,65.0565185546875,73.70999908447266,74.88999938964844,73.61000061035156,74.7300033569336,3408900.0
LMT,205.6797332763672,239.4499969482422,240.58999633789062,239.22999572753906,240.11000061035156,854200.0
LNC,35.46936798095703,42.0099983215332,43.029998779296875,41.95000076293945,42.369998931884766,1960200.0
LNT,32.30526351928711,38.68000030517578,39.22999954223633,38.4900016784668,39.22999954223633,930300.0
LOW,69.56779479980469,77.04000091552734,77.9800033569336,76.43000030517578,76.4800033569336,6237000.0
LRCX,75.88211059570312,82.4800033569336,83.20999908447266,81.91999816894531,82.58999633789062,1632400.0
LUMN,15.869478225708008,27.229999542236328,27.979999542236328,26.760000228881836,26.770000457763672,9091700.0
LUV,38.32737350463867,39.939998626708984,40.66999816894531,39.7599983215332,40.25,7023400.0
LVS,38.365909576416016,46.959999084472656,47.560001373291016,46.68000030517578,46.970001220703125,3384100.0
LW,,,,,,
LYB,61.06923294067383,79.11000061035156,80.25,78.83000183105469,79.04000091552734,3209400.0
LYV,23.549999237060547,23.549999237060547,23.729999542236328,23.389999389648438,23.389999389648438,1595700.0
MA,90.09619140625,93.33999633789062,94.5,93.33999633789062,94.36000061035156,4025900.0
MAA,83.2801513671875,101.36000061035156,101.81999969482422,100.05000305175781,100.19000244140625,654400.0
MAR,62.449981689453125,65.72000122070312,66.7300033569336,65.41000366210938,65.45999908447266,2933800.0
MAS,28.08901596069336,30.190000534057617,30.56999969482422,30.149999618530273,30.510000228881836,4493300.0
MCD,106.00150299072266,122.25,123.31999969482422,122.12999725341797,123.1500015258789,4168100.0
MCHP,23.7590389251709,26.049999237060547,26.229999542236328,25.895000457763672,26.170000076293945,3140600.0
MCK,171.1468505859375,180.92999267578125,183.49000549316406,180.60000610351562,182.52999877929688,1191000.0
MCO,92.7674789428711,98.3499984741211,99.5,98.13999938964844,98.63999938964844,1384500.0
MDLZ,39.324398040771484,43.83000183105469,44.349998474121094,43.7400016784668,44.099998474121094,5995500.0
MDT,74.21321105957031,84.2300033569336,85.91999816894531,84.1500015258789,85.87000274658203,6250000.0
MET,30.367328643798828,37.370765686035156,38.27985763549805,37.317291259765625,37.878787994384766,7704886.0
MGM,23.165342330932617,24.520000457763672,24.8700008392334,24.079999923706055,24.1200008392334,15172800.0
MHK,192.77000427246094,192.77000427246094,194.5800018310547,191.75,192.50999450683594,357100.0
MKC,45.16997528076172,49.845001220703125,50.0099983215332,49.43000030517578,49.63999938964844,1850600.0
MKTX,136.2533416748047,141.60000610351562,142.4499969482422,140.0500030517578,141.80999755859375,254100.0
MLM,175.06199645996094,183.66000366210938,185.92999267578125,182.0500030517578,182.5800018310547,555600.0
MMC,58.776512145996094,65.33999633789062,65.80999755859375,65.29000091552734,65.80999755859375,1569900.0
MMM,141.2044677734375,167.8000030517578,168.86000061035156,167.47000122070312,167.9499969482422,1694200.0
MNST,51.209999084472656,51.209999084472656,51.83333206176758,51.186668395996094,51.266666412353516,5115900.0
MO,46.86173629760742,65.33000183105469,65.72000122070312,64.83000183105469,65.43000030517578,5361500.0
MOH,50.47999954223633,50.47999954223633,50.900001525878906,50.02000045776367,50.43000030517578,1482100.0
MOS,24.318967819213867,26.299999237060547,27.040000915527344,26.239999771118164,26.399999618530273,3910300.0
MPC,26.8560848236084,33.20000076293945,34.54999923706055,32.02000045776367,32.380001068115234,8382500.0
MPWR,65.43739318847656,68.95999908447266,69.76000213623047,68.66999816894531,69.1500015258789,208600.0
MRK,45.17549133300781,53.520992279052734,53.931297302246094,53.38740539550781,53.82633590698242,8015942.0
MRNA,,,,,,
MRO,12.127485275268555,13.0600004196167,13.489999771118164,12.890000343322754,13.0600004196167,13088100.0
MS,21.247716903686523,24.719999313354492,25.170000076293945,24.56999969482422,24.84000015258789,17393000.0
MSCI,69.96923065185547,74.30000305175781,74.7699966430664,74.20999908447266,74.5999984741211,754300.0
MSFT,45.512298583984375,49.689998626708984,50.119998931884766,49.689998626708984,49.779998779296875,33757600.0
MSI,61.325042724609375,67.54000091552734,67.9000015258789,67.20999908447266,67.30999755859375,4527200.0
MTB,99.6752700805664,116.25,118.11000061035156,115.52999877929688,116.30999755859375,908700.0
MTCH,14.733255386352539,15.479999542236328,16.100000381469727,15.319999694824219,15.859999656677246,1697500.0
MTD,372.29998779296875,372.29998779296875,377.5799865722656,372.07000732421875,375.3900146484375,78700.0
MU,11.974074363708496,12.020000457763672,12.25,11.949999809265137,12.15999984741211,17491700.0
NCLH,43.36000061035156,43.36000061035156,44.470001220703125,43.27000045776367,43.33000183105469,2119400.0
NDAQ,58.67809295654297,64.80000305175781,65.44999694824219,64.66000366210938,64.87000274658203,713200.0
NDSN,80.8548583984375,85.0,88.0,84.80000305175781,85.54000091552734,216200.0
NEE,26.138782501220703,30.959999084472656,31.172500610351562,30.827499389648438,31.157499313354492,7671200.0
NEM,31.9334716796875,36.2400016784668,36.709999084472656,35.09000015258789,35.209999084472656,8275700.0
NFLX,94.29000091552734,94.29000091552734,95.45999908447266,93.5,94.61000061035156,7675400.0
NI,20.888906478881836,25.18000030517578,25.350000381469727,25.030000686645508,25.229999542236328,3512900.0
NKE,51.08985137939453,54.310001373291016,55.060001373291016,54.2400016784668,54.2400016784668,7498400.0
NLOK,10.126819610595703,18.989999771118164,19.100000381469727,18.700000762939453,18.75,17875500.0
NLSN,45.53559112548828,54.130001068115234,54.619998931884766,54.08000183105469,54.599998474121094,1097800.0
NOC,198.0882110595703,217.19000244140625,218.0,216.6199951171875,217.69000244140625,542900.0
NOW,74.47000122070312,74.47000122070312,75.08999633789062,73.01000213623047,73.12000274658203,1080400.0
NRG,12.56873893737793,13.949999809265137,14.34000015258789,13.760000228881836,14.119999885559082,6757400.0
NSC,74.67057037353516,83.5,84.26000213623047,82.62999725341797,83.2300033569336,1774700.0
NTAP,20.87259864807129,24.43000030517578,24.709999084472656,24.1299991607666,24.25,4322600.0
NTRS,60.63875198364258,69.7300033569336,70.81999969482422,69.44000244140625,69.56999969482422,1190800.0
NUE,43.02407455444336,50.45000076293945,50.65999984741211,49.63999938964844,50.150001525878906,3197400.0
NVDA,11.645054817199707,11.84000015258789,11.942500114440918,11.6875,11.817500114440918,30103600.0
NVR,1708.0,1708.0,1718.97998046875,1688.0999755859375,1718.97998046875,27100.0
NWL,38.71733474731445,48.459999084472656,49.08000183105469,47.95000076293945,48.310001373291016,3602300.0
NWS,11.067307472229004,11.989999771118164,12.1899995803833,11.800000190734863,11.800000190734863,736700.0
NWSA,10.756875991821289,11.670000076293945,11.869999885559082,11.390000343322754,11.390000343322754,4401600.0
NXPI,82.08488464355469,85.98999786376953,87.9000015258789,85.81999969482422,87.70999908447266,4512600.0
O,48.37847900390625,62.40310287475586,62.606590270996094,61.77325439453125,62.31589126586914,1337472.0
ODFL,38.20033645629883,38.9466667175293,39.473331451416016,38.6533317565918,39.099998474121094,906750.0
OGN,,,,,,
OKE,30.444599151611328,45.02000045776367,45.689998626708984,44.5,45.47999954223633,2908400.0
OMC,67.5993423461914,81.62000274658203,82.25,81.5199966430664,81.9000015258789,1695400.0
ORCL,35.035091400146484,38.439998626708984,38.91999816894531,38.40999984741211,38.79999923706055,14476100.0
ORLY,260.4599914550781,260.4599914550781,262.8500061035156,258.260009765625,259.6600036621094,476900.0
OTIS,,,,,,
OXY,60.504154205322266,74.8499984741211,75.33999633789062,74.58999633789062,75.08999633789062,3104700.0
PARA,47.494384765625,53.20000076293945,53.66999816894531,52.83000183105469,52.849998474121094,2578600.0
PAYC,42.11000061035156,42.11000061035156,42.20000076293945,41.2400016784668,41.61000061035156,613200.0
PAYX,46.30516815185547,54.52000045776367,54.9900016784668,54.34000015258789,54.61000061035156,1396500.0
PCAR,45.06328201293945,53.869998931884766,54.599998474121094,53.779998779296875,54.13999938964844,1799400.0
PEAK,23.977651596069336,31.693988800048828,31.985427856445312,31.429872512817383,31.429872512817383,3372836.0
PEG,36.54804992675781,44.310001373291016,44.61000061035156,44.18000030517578,44.59000015258789,2945400.0
PENN,14.84000015258789,14.84000015258789,15.010000228881836,14.640000343322754,14.65999984741211,714600.0
PEP,86.95504760742188,102.86000061035156,103.56999969482422,102.75,103.2699966430664,3434400.0
PFE,26.639589309692383,33.007591247558594,33.3870964050293,32.87476348876953,33.2163200378418,21372696.0
PFG,33.37777328491211,41.630001068115234,42.150001525878906,41.349998474121094,41.619998931884766,1565700.0
PG,70.05964660644531,82.94999694824219,83.5,82.81999969482422,83.4000015258789,7082200.0
PGR,26.440637588500977,31.75,32.16999816894531,31.690000534057617,32.029998779296875,3325000.0
PH,101.23542785644531,111.62000274658203,112.5199966430664,111.33000183105469,112.37999725341797,1049300.0
PHM,17.326704025268555,18.719999313354492,18.989999771118164,18.559999465942383,18.6299991607666,2548600.0
PKG,55.530269622802734,65.41999816894531,66.1500015258789,65.25,66.0999984741211,1472200.0
PKI,51.89105987548828,52.900001525878906,53.619998931884766,52.83000183105469,53.45000076293945,431900.0
PLD,43.00788497924805,49.880001068115234,50.130001068115234,49.36000061035156,49.36000061035156,3267800.0
PM,74.14774322509766,99.6500015258789,100.30000305175781,99.25,100.1500015258789,3780100.0
PNC,71.02926635742188,84.22000122070312,85.62000274658203,84.1500015258789,84.66999816894531,2097400.0
PNR,36.08708572387695,40.16118240356445,40.416385650634766,39.69106674194336,39.9664192199707,2214143.0
PNW,61.52261734008789,76.7300033569336,77.43000030517578,76.44999694824219,77.43000030517578,795900.0
POOL,85.01534271240234,90.16999816894531,91.11000061035156,89.23999786376953,89.68000030517578,216900.0
PPG,97.01226806640625,106.62000274658203,107.63999938964844,106.5,107.30000305175781,1056500.0
PPL,29.11884307861328,38.83000183105469,39.099998474121094,38.72999954223633,39.06999969482422,6038900.0
PRU,56.259033203125,71.7699966430664,73.19999694824219,71.69000244140625,72.41000366210938,2981000.0
PSA,199.42176818847656,243.42999267578125,244.74000549316406,238.2100067138672,239.97999572753906,1282800.0
PSX,63.363929748535156,79.13999938964844,79.97000122070312,78.11000061035156,78.62999725341797,2321700.0
PTC,38.22999954223633,38.22999954223633,38.75,37.61000061035156,37.7599983215332,1216400.0
PVH,96.72496032714844,97.37999725341797,99.5,95.0,95.33000183105469,1611500.0
PWR,22.7434139251709,23.049999237060547,23.43000030517578,22.760000228881836,23.010000228881836,2299500.0
PXD,147.95571899414062,162.5,164.3800048828125,160.47999572753906,161.75,1159400.0
PYPL,36.84000015258789,36.84000015258789,37.220001220703125,36.78499984741211,37.15999984741211,7092000.0
QCOM,44.61156463623047,53.279998779296875,53.560001373291016,52.66999816894531,53.04999923706055,8832400.0
QRVO,54.939998626708984,54.939998626708984,55.2599983215332,53.7599983215332,54.720001220703125,1565700.0
RCL,67.52394104003906,73.80999755859375,74.68000030517578,72.43000030517578,72.58999633789062,2240800.0
RE,150.56053161621094,171.72999572753906,174.08999633789062,171.50999450683594,174.08999633789062,184500.0
REG,64.15776824951172,79.6500015258789,80.0,79.06999969482422,79.38999938964844,367200.0
REGN,367.9100036621094,367.9100036621094,376.32000732421875,366.489990234375,368.7099914550781,675000.0
RF,7.6509013175964355,9.100000381469727,9.359999656677246,9.0600004196167,9.149999618530273,29858700.0
RHI,34.39864730834961,38.52000045776367,39.130001068115234,38.43000030517578,38.869998931884766,1757900.0
RJF,31.73517608642578,34.66666793823242,35.266666412353516,34.4466667175293,34.53333282470703,1090350.0
RL,84.04768371582031,94.55999755859375,95.4000015258789,91.91000366210938,91.98999786376953,1960800.0
RMD,54.80890655517578,58.97999954223633,60.0099983215332,58.93000030517578,59.84000015258789,513200.0
ROK,103.21355438232422,115.58000183105469,117.11000061035156,115.44999694824219,116.37000274658203,677100.0
ROL,11.64182186126709,12.515556335449219,12.604443550109863,12.502222061157227,12.582221984863281,396450.0
ROP,162.801513671875,168.3800048828125,170.22999572753906,168.17999267578125,169.63999938964844,303000.0
ROST,52.06828308105469,54.31999969482422,54.65999984741211,53.81999969482422,53.90999984741211,3625200.0
RSG,44.11756134033203,49.34000015258789,49.720001220703125,49.31999969482422,49.529998779296875,1027100.0
RTX,55.12224197387695,63.272499084472656,64.0276870727539,63.272499084472656,63.876651763916016,7118720.0
SBAC,99.09104919433594,100.44999694824219,101.33000183105469,99.80999755859375,100.70999908447266,600000.0
SBNY,118.35820770263672,126.11000061035156,128.5800018310547,125.6500015258789,126.2300033569336,393400.0
SBUX,50.2509651184082,55.349998474121094,56.09000015258789,55.27000045776367,55.63999938964844,7447300.0
SCHW,26.591257095336914,28.459999084472656,28.899999618530273,28.100000381469727,28.200000762939453,14057600.0
SEDG,21.139999389648438,21.139999389648438,21.68000030517578,20.9950008392334,21.09000015258789,657400.0
SEE,43.10718536376953,47.0,47.650001525878906,46.97999954223633,47.15999984741211,1586300.0
SHW,91.98272705078125,96.97333526611328,97.99333190917969,96.91000366210938,97.76667022705078,2355300.0
SIVB,99.80000305175781,99.80000305175781,102.08000183105469,99.22000122070312,99.98999786376953,552900.0
SJM,121.86689758300781,143.52000427246094,145.13999938964844,143.17999267578125,144.5399932861328,1207200.0
SLB,63.93973922729492,76.8499984741211,77.88999938964844,76.7300033569336,77.18000030517578,5384800.0
SNA,134.14537048339844,153.0500030517578,153.97999572753906,152.8300018310547,153.57000732421875,257100.0
SNPS,52.529998779296875,52.529998779296875,52.70000076293945,52.15999984741211,52.33000183105469,788500.0
SO,39.23802185058594,50.880001068115234,51.400001525878906,50.709999084472656,51.33000183105469,4478000.0
SPG,155.708984375,204.22000122070312,205.3000030517578,203.1699981689453,203.1699981689453,1261300.0
SPGI,101.28557586669922,107.08000183105469,108.12999725341797,106.73999786376953,106.95999908447266,855700.0
SRE,91.04570007324219,109.12999725341797,110.12000274658203,108.93000030517578,110.08000183105469,1207600.0
STE,62.95413589477539,67.1500015258789,67.93000030517578,67.0199966430664,67.93000030517578,831000.0
STT,50.00197219848633,57.90999984741211,58.81999969482422,57.869998931884766,58.5099983215332,4224400.0
STX,17.396291732788086,22.719999313354492,23.270000457763672,22.559999465942383,22.920000076293945,4369900.0
STZ,144.55950927734375,156.24000549316406,158.16000366210938,155.25,157.6199951171875,1193500.0
SWK,101.30189514160156,111.83999633789062,112.69000244140625,110.83999633789062,111.33000183105469,1080200.0
SWKS,59.56525802612305,64.98999786376953,65.51000213623047,64.76000213623047,65.19000244140625,1597100.0
SYF,22.981674194335938,26.5,27.170000076293945,25.93000030517578,26.489999771118164,26797600.0
SYK,106.94972229003906,114.33999633789062,115.77999877929688,113.9000015258789,115.41999816894531,1034300.0
SYY,41.91566467285156,48.65999984741211,48.849998474121094,48.439998626708984,48.619998931884766,3035300.0
T,18.668203353881836,30.430513381958008,30.64199447631836,30.415407180786133,30.543806076049805,25792182.0
TAP,89.39447021484375,100.18000030517578,101.23999786376953,100.01000213623047,100.9000015258789,1386400.0
TDG,195.2350311279297,259.6499938964844,261.1199951171875,258.5,260.3699951171875,401400.0
TDY,99.13999938964844,99.13999938964844,100.16999816894531,98.62000274658203,99.79000091552734,62100.0
TECH,108.37260437011719,112.63999938964844,113.30000305175781,111.81999969482422,112.44000244140625,162200.0
TEL,53.953792572021484,60.13999938964844,60.7400016784668,60.099998474121094,60.54999923706055,1188900.0
TER,18.775545120239258,19.469999313354492,19.729999542236328,19.450000762939453,19.690000534057617,1725400.0
TFC,29.448875427246094,35.56999969482422,36.130001068115234,35.31999969482422,35.45000076293945,4818800.0
TFX,166.53033447265625,171.25,174.0,171.0399932861328,174.0,253200.0
TGT,57.31868362426758,67.2699966430664,67.8499984741211,66.88999938964844,66.9800033569336,5894700.0
TJX,35.1058349609375,37.959999084472656,38.400001525878906,37.92499923706055,38.1150016784668,6651800.0
TMO,145.06829833984375,147.41000366210938,148.66000366210938,147.25999450683594,148.38999938964844,1131800.0
TMUS,41.65999984741211,41.65999984741211,42.31999969482422,41.18000030517578,42.20000076293945,4306600.0
TPR,32.555118560791016,38.31999969482422,38.650001525878906,37.560001373291016,37.70000076293945,3168600.0
TRMB,26.280000686645508,26.280000686645508,26.450000762939453,26.219999313354492,26.290000915527344,678600.0
TROW,61.38055419921875,71.55999755859375,72.47000122070312,71.33000183105469,71.54000091552734,1521700.0
TRV,97.6997299194336,111.80999755859375,113.06999969482422,111.69000244140625,112.87999725341797,1174600.0
TSCO,85.2772216796875,92.41000366210938,93.7300033569336,92.33000183105469,92.7300033569336,785700.0
TSLA,43.540000915527344,43.540000915527344,44.380001068115234,43.0260009765625,43.38999938964844,14542500.0
TSN,53.82072830200195,60.36000061035156,60.7599983215332,60.02000045776367,60.31999969482422,2446000.0
TT,44.94129943847656,49.899147033691406,50.19395065307617,49.44142532348633,49.5500373840332,2854104.0
TTWO,37.5099983215332,37.5099983215332,38.66999816894531,37.400001525878906,38.400001525878906,2213300.0
TWTR,15.960000038146973,15.960000038146973,16.440000534057617,15.710000038146973,15.710000038146973,53535200.0
TXN,53.11140823364258,61.689998626708984,62.279998779296875,61.41999816894531,62.27000045776367,4943600.0
TXT,37.73433303833008,38.08000183105469,38.349998474121094,37.5,37.72999954223633,1456000.0
TYL,154.7899932861328,154.7899932861328,157.00999450683594,154.25,155.41000366210938,187800.0
UA,34.77000045776367,34.77000045776367,35.470001220703125,34.45000076293945,34.45000076293945,1062818.0
UAA,37.7599983215332,37.7599983215332,38.439998626708984,37.349998474121094,37.36000061035156,4318500.0
UAL,42.88999938964844,42.88999938964844,43.720001220703125,42.5099983215332,42.54999923706055,6334500.0
UDR,28.32884979248047,34.45000076293945,34.56999969482422,33.970001220703125,34.13999938964844,1540500.0
UHS,129.34205627441406,132.13999938964844,133.97000122070312,132.05999755859375,133.63999938964844,389100.0
ULTA,238.22999572753906,238.22999572753906,240.3300018310547,237.64999389648438,237.88999938964844,577700.0
UNH,125.82469940185547,137.25999450683594,138.1699981689453,137.0500030517578,137.74000549316406,2369400.0
UNP,77.45626831054688,87.54000091552734,88.66999816894531,87.44999694824219,88.36000061035156,3963500.0
UPS,87.45056915283203,103.88999938964844,104.66999816894531,103.86000061035156,104.13999938964844,2829300.0
URI,69.83999633789062,69.83999633789062,71.3499984741211,69.29000091552734,70.29000091552734,1346600.0
USB,34.53236389160156,41.02000045776367,41.619998931884766,40.97999954223633,41.25,7863900.0
V,75.26931762695312,78.16999816894531,78.83999633789062,78.05000305175781,78.56999969482422,7424000.0
VFC,50.68212890625,58.719398498535156,59.28437042236328,58.31450271606445,58.51224136352539,3424738.0
VLO,39.406768798828125,51.290000915527344,51.779998779296875,50.150001525878906,50.45000076293945,8192100.0
VMC,106.75050354003906,113.58000183105469,115.38999938964844,113.54000091552734,114.4800033569336,827600.0
VNO,59.858516693115234,78.46402740478516,78.8843994140625,77.47776794433594,77.48585510253906,1169955.0
VRSK,77.09489440917969,78.38999938964844,79.11000061035156,78.30999755859375,78.91999816894531,522800.0
VRSN,84.87000274658203,84.87000274658203,85.81999969482422,84.76000213623047,85.2300033569336,602100.0
VRTX,90.83999633789062,90.83999633789062,91.9800033569336,90.4000015258789,91.3499984741211,1083200.0
VTR,52.49567413330078,69.30999755859375,69.7699966430664,68.62999725341797,68.6500015258789,1814100.0
VTRS,44.42432403564453,44.7400016784668,45.79999923706055,44.65999984741211,44.970001220703125,3455300.0
VZ,40.91574478149414,52.84000015258789,53.209999084472656,52.7599983215332,52.970001220703125,10289000.0
WAB,70.84842681884766,73.33999633789062,75.70999908447266,73.19000244140625,74.61000061035156,1085300.0
WAT,134.99000549316406,134.99000549316406,136.60000610351562,134.88999938964844,136.24000549316406,385600.0
WBA,71.99180603027344,83.20999908447266,84.88999938964844,83.08999633789062,84.2300033569336,5276400.0
WBD,25.540000915527344,25.540000915527344,26.149999618530273,25.479999542236328,25.739999771118164,4329300.0
WDC,40.33991241455078,46.2599983215332,47.02000045776367,46.0099983215332,46.400001525878906,3503000.0
WEC,52.411827087402344,62.560001373291016,63.25,62.18000030517578,63.189998626708984,1557100.0
WELL,56.58512878417969,73.5,73.91999816894531,72.86000061035156,72.95999908447266,2247400.0
WFC,39.47262191772461,46.779998779296875,47.560001373291016,46.7400016784668,47.27000045776367,20142000.0
WHR,148.62522888183594,176.3000030517578,178.52000427246094,174.25,175.66000366210938,1047600.0
WM,56.06022644042969,62.79999923706055,63.20000076293945,62.709999084472656,63.130001068115234,1316000.0
WMB,15.278373718261719,21.770000457763672,22.520000457763672,20.8799991607666,21.0,11693000.0
WMT,63.04347229003906,71.12000274658203,71.61000061035156,71.0,71.19999694824219,8017000.0
WRB,21.455373764038086,24.49333381652832,24.71555519104004,24.471111297607422,24.71555519104004,666900.0
WRK,32.03782653808594,38.369998931884766,39.0099983215332,38.018001556396484,38.13999938964844,1236800.0
WST,72.98509216308594,74.88999938964844,75.87999725341797,74.73999786376953,75.4000015258789,351000.0
WTW,124.13999938964844,124.13999938964844,125.94999694824219,123.69999694824219,125.94999694824219,378700.0
WY,22.57927703857422,28.700000762939453,29.010000228881836,28.59000015258789,28.760000228881836,4852500.0
WYNN,93.1089859008789,101.5999984741211,104.0999984741211,100.87000274658203,101.66000366210938,2211700.0
XEL,35.78220748901367,42.34000015258789,42.88999938964844,42.16999816894531,42.79999923706055,3083900.0
XOM,67.4910888671875,90.16000366210938,90.9000015258789,90.0,90.2300033569336,10655800.0
XRAY,60.60395431518555,63.33000183105469,64.5199966430664,63.290000915527344,64.30000305175781,1266000.0
XYL,42.52848815917969,45.59000015258789,45.970001220703125,45.54999923706055,45.810001373291016,1260400.0
YUM,53.74060821533203,59.53989791870117,60.122215270996094,59.49676513671875,59.56865692138672,3704511.0
ZBH,107.95830535888672,113.02912902832031,113.73786163330078,112.74757385253906,113.59223175048828,1897466.0
ZBRA,55.91999816894531,55.91999816894531,56.31999969482422,55.18000030517578,55.36000061035156,475300.0
ZION,23.647459030151367,26.920000076293945,27.579999923706055,26.770000457763672,26.93000030517578,3467500.0
ZTS,45.53315353393555,47.220001220703125,47.709999084472656,47.130001068115234,47.189998626708984,3517900.0
